"data_id","data_name","data_category","absolute_path","file_type","scope","role","source_or_derived","authoritative_status","generated_from","consumed_by","last_modified","hash_or_version","contains_raw_answers","contains_manual_scores","contains_brand_claims","public_download","risk","recommended_action","notes"
"APP-DATA-001","app/data.ts hard-coded site dataset","F. 网站展示副本","/Users/lay/Documents/New project/outputs/yhl_geo_portfolio_delivery/website/app/data.ts","TS","website repo","website-copy","mixed","duplicate","Delivery data workbook; knowledge base workbook; strategy workbook; manual page labels","all website pages","2026-07-18T18:41:08+0800","a73e9c61a32e754269c27edd19f18c2c761075b53ce59116d47edbdd0a2471b9","no","no","yes","no","high","Keep as website display copy only; regenerate from confirmed canonical sources after source updates","Not canonical for raw answers, manual scores, metrics, question bank, brand facts, FAQ, strategy, prompts or article samples."
"APP-PAGE-HOME-001","Home page hard-coded metrics and narrative blocks","F. 网站展示副本","/Users/lay/Documents/New project/outputs/yhl_geo_portfolio_delivery/website/app/page.tsx","TSX","website repo","website-copy","mixed","duplicate","app/data.ts plus delivery workbook dashboard and reports","public home page","2026-07-17T22:52:20+0800","a3f61f3704fd92e5409bf7190d2587a99da308883de15db9f75c384487ea9d72","no","no","yes","no","high","Sync from confirmed workbook, knowledge-base JSON, strategy workbook or Markdown source; do not edit as canonical","Website page content is display copy only and cannot decide core data truth."
"APP-PAGE-METHOD-001","Method page hard-coded study design and key results","F. 网站展示副本","/Users/lay/Documents/New project/outputs/yhl_geo_portfolio_delivery/website/app/method/page.tsx","TSX","website repo","website-copy","mixed","duplicate","Delivery data workbook README/Dashboard; reports summary","/method","2026-07-16T17:33:23+0800","01e8ccaee40941f198241203a0f4a020369ce97c79970ec94c40a7954d285967","no","no","yes","no","high","Sync from confirmed workbook, knowledge-base JSON, strategy workbook or Markdown source; do not edit as canonical","Website page content is display copy only and cannot decide core data truth."
"APP-PAGE-FACTS-001","Facts page brand fact narrative","F. 网站展示副本","/Users/lay/Documents/New project/outputs/yhl_geo_portfolio_delivery/website/app/facts/page.tsx","TSX","website repo","website-copy","mixed","duplicate","Knowledge base public JSON; source library; app/data.ts source ids","/facts","2026-07-16T15:27:50+0800","2950c3d6c61784cc4af70e7eb3b293c9b42502f913f9418227189d3849b11903","no","no","yes","no","medium","Sync from confirmed workbook, knowledge-base JSON, strategy workbook or Markdown source; do not edit as canonical","Website page content is display copy only and cannot decide core data truth."
"APP-PAGE-DISAMBIG-001","Disambiguation page narrative","F. 网站展示副本","/Users/lay/Documents/New project/outputs/yhl_geo_portfolio_delivery/website/app/disambiguation/page.tsx","TSX","website repo","website-copy","mixed","duplicate","Knowledge base entity and source records; delivery EvidenceIndex","/disambiguation","2026-07-16T15:27:50+0800","0f08ec5d17a7511e4ec77c772b6ce99838f400879dcab67d4563733e66011506","no","no","yes","no","medium","Sync from confirmed workbook, knowledge-base JSON, strategy workbook or Markdown source; do not edit as canonical","Website page content is display copy only and cannot decide core data truth."
"APP-PAGE-MATERIALS-001","Materials page narrative","F. 网站展示副本","/Users/lay/Documents/New project/outputs/yhl_geo_portfolio_delivery/website/app/materials/page.tsx","TSX","website repo","website-copy","mixed","duplicate","Knowledge base facts for standards/materials; app/data.ts source ids","/materials","2026-07-16T15:27:50+0800","69a234d63211f5daa32e06137d7dc9ef7b356eb38c9c04fe3738c8f305b35beb","no","no","yes","no","medium","Sync from confirmed workbook, knowledge-base JSON, strategy workbook or Markdown source; do not edit as canonical","Website page content is display copy only and cannot decide core data truth."
"APP-PAGE-JINGZUO-001","Jingzuo and style page narrative","F. 网站展示副本","/Users/lay/Documents/New project/outputs/yhl_geo_portfolio_delivery/website/app/jingzuo/page.tsx","TSX","website repo","website-copy","mixed","duplicate","Knowledge base facts for style and association sources","/jingzuo","2026-07-16T15:27:50+0800","5c620f2a2e403b7dff53c1d6829ee63e5e2a63574cc7e231c7447cac6ebeb3d4","no","no","yes","no","medium","Sync from confirmed workbook, knowledge-base JSON, strategy workbook or Markdown source; do not edit as canonical","Website page content is display copy only and cannot decide core data truth."
"APP-PAGE-BUYING-001","Buying guide page narrative","F. 网站展示副本","/Users/lay/Documents/New project/outputs/yhl_geo_portfolio_delivery/website/app/buying-guide/page.tsx","TSX","website repo","website-copy","mixed","duplicate","Knowledge base dynamic/product evidence records; app/data.ts source ids","/buying-guide","2026-07-16T15:27:50+0800","a2987333830cc955005ddb4d2fc2779d31e98f5c773f329e247d942a6c35afd8","no","no","yes","no","high","Sync from confirmed workbook, knowledge-base JSON, strategy workbook or Markdown source; do not edit as canonical","Website page content is display copy only and cannot decide core data truth."
"APP-PAGE-KB-001","Knowledge base page display logic and metrics","F. 网站展示副本","/Users/lay/Documents/New project/outputs/yhl_geo_portfolio_delivery/website/app/knowledge-base/page.tsx","TSX","website repo","website-copy","derived","duplicate","app/knowledge-base/knowledge-base-public.json; app/data.ts downloads","/knowledge-base","2026-07-17T22:53:13+0800","45c0d3c34c130befc3bb1c000880c5c26c860e59b2cd3568dbd3791546ad1fc3","no","no","yes","no","medium","Sync from confirmed workbook, knowledge-base JSON, strategy workbook or Markdown source; do not edit as canonical","Website page content is display copy only and cannot decide core data truth."
"APP-PAGE-PROMPT-001","Prompt system page prompt modules and rules","F. 网站展示副本","/Users/lay/Documents/New project/outputs/yhl_geo_portfolio_delivery/website/app/prompt-system/page.tsx","TSX","website repo","website-copy","mixed","duplicate","Knowledge base public JSON; app/data.ts FAQ; manual prompt copy","/prompt-system","2026-07-17T22:53:25+0800","afafbe37f458fe1a6ce5b0c98e5ed5752ab3dbf4704542975bdd3b30fda198de","no","no","yes","no","medium","Sync from Markdown canonical public/downloads/yhl-geo-enterprise-prompt-system.md after human review","TSX page is presentation copy for the prompt system; Markdown is canonical."
"APP-PAGE-ARTICLES-001","GEO articles page hard-coded article samples","F. 网站展示副本","/Users/lay/Documents/New project/outputs/yhl_geo_portfolio_delivery/website/app/geo-articles/page.tsx","TSX","website repo","website-copy","mixed","duplicate","Knowledge base public JSON; public/downloads article Markdown; manual article copy","/geo-articles","2026-07-17T22:50:01+0800","76db4915eadbd2fabfe00e2354d4cba90de0f5a9b01b00a04967ec2c49778415","no","no","yes","no","medium","Sync from article Markdown canonical files after human review","TSX page presents article matrix and full samples; Markdown files are canonical."
"APP-SCRIPT-001","GitHub Pages preparation script","F. 网站展示副本","/Users/lay/Documents/New project/outputs/yhl_geo_portfolio_delivery/website/scripts/prepare-github-pages.mjs","MJS","website repo","derived","derived","duplicate","manual sitemap path list and deployment env","static export","2026-07-19T00:25:15+0800","3f8a02680359bab0d2a157508d5125673306aacecd75a90315e4e2ddb9b69196","no","no","yes","no","low","Keep outside data governance canonical chain; audit only as generation/deployment helper","Script output is derived and not a source for metrics, facts, questions or strategy."
"PUBLIC-KB-JSON-APP-001","App knowledge-base public JSON","D. 品牌事实与知识库","/Users/lay/Documents/New project/outputs/yhl_geo_portfolio_delivery/website/app/knowledge-base/knowledge-base-public.json","JSON","website repo","derived","derived","duplicate","/Users/lay/Documents/New project/outputs/yhl_geo_portfolio_delivery/knowledge_base/元亨利GEO企业知识库_公开快照.json","/knowledge-base and /prompt-system","2026-07-17T15:47:53+0800","7f29e60ab99e341545b0cb5985f7c5ac71de47d81c2fa7ecb3eb3a641b215cea","no","no","yes","no","medium","Regenerate from the brand fact knowledge base workbook public export; do not edit manually","One of four identical public knowledge-base JSON copies; not canonical."
"PUBLIC-KB-JSON-DATA-001","Public data knowledge-base JSON","D. 品牌事实与知识库","/Users/lay/Documents/New project/outputs/yhl_geo_portfolio_delivery/website/public/data/yhl-geo-knowledge-base-public.json","JSON","website repo","derived","derived","duplicate","external knowledge_base public JSON","static public data path","2026-07-17T15:47:53+0800","7f29e60ab99e341545b0cb5985f7c5ac71de47d81c2fa7ecb3eb3a641b215cea","no","no","yes","no","medium","Regenerate from the brand fact knowledge base workbook public export; do not edit manually","Public data JSON is a derived website copy; not canonical."
"PUBLIC-KB-JSON-DOWNLOAD-001","Download knowledge-base public JSON","D. 品牌事实与知识库","/Users/lay/Documents/New project/outputs/yhl_geo_portfolio_delivery/website/public/downloads/yhl-geo-knowledge-base-public.json","JSON","website repo","delivery","derived","duplicate","external knowledge_base public JSON","download links","2026-07-17T15:48:12+0800","7f29e60ab99e341545b0cb5985f7c5ac71de47d81c2fa7ecb3eb3a641b215cea","no","no","yes","yes","medium","Publish only as exported delivery copy from the knowledge base workbook; record source version","Download JSON is one of four identical public snapshot copies; not canonical."
"PUBLIC-KB-XLSX-DOWNLOAD-001","Download brand fact knowledge base workbook","D. 品牌事实与知识库","/Users/lay/Documents/New project/outputs/yhl_geo_portfolio_delivery/website/public/downloads/yhl-geo-brand-fact-knowledge-base.xlsx","XLSX","website repo","delivery","mixed","duplicate","/Users/lay/Documents/New project/outputs/yhl_geo_portfolio_delivery/knowledge_base/元亨利GEO品牌事实知识库.xlsx","download links","2026-07-17T15:48:11+0800","7924fb2cbd5c9424c020b71242cb3dafb9e5b3b262e23e08992621b7840953a5","no","no","yes","yes","medium","Publish only as byte-copied delivery artifact from the canonical knowledge base workbook","Delivery copy; canonical remains the external brand fact knowledge base workbook."
"PUBLIC-STRATEGY-XLSX-DOWNLOAD-001","Download 90-day content execution workbook","E. 策略与交付物","/Users/lay/Documents/New project/outputs/yhl_geo_portfolio_delivery/website/public/downloads/yhl-geo-90-day-content-execution.xlsx","XLSX","website repo","delivery","mixed","duplicate","/Users/lay/Documents/New project/outputs/yhl_geo_portfolio_delivery/strategy/元亨利红木家具GEO_90天内容执行工作簿.xlsx","download links","2026-07-17T15:44:28+0800","1fa3a1550678be10c1e7105e69ea7fa53526fc79375369f8f5191f5da30b10bb","no","no","yes","yes","medium","Publish only as byte-copied delivery artifact from the canonical 90-day execution workbook","Delivery copy; canonical remains the external 90-day content execution workbook."
"PUBLIC-PLAN-PDF-DOWNLOAD-001","Download 14-page optimization plan PDF","E. 策略与交付物","/Users/lay/Documents/New project/outputs/yhl_geo_portfolio_delivery/website/public/downloads/yhl-geo-brand-content-optimization-plan.pdf","PDF","website repo","delivery","derived","duplicate","/Users/lay/Documents/New project/outputs/yhl_geo_portfolio_delivery/strategy/rendered_strategy/元亨利红木家具GEO品牌内容优化方案_14页.pdf","download links","2026-07-17T15:44:28+0800","f52cfa9b65c2decd09343c215900f21ab9534ef52f643d25450a2876d145e0d5","no","no","yes","yes","medium","Publish only from confirmed strategy delivery source; record source version and hash","Delivery artifact; not canonical for current 90-day execution data."
"PUBLIC-PLAN-DOCX-DOWNLOAD-001","Download editable 14-page optimization plan DOCX","E. 策略与交付物","/Users/lay/Documents/New project/outputs/yhl_geo_portfolio_delivery/website/public/downloads/yhl-geo-brand-content-optimization-plan.docx","DOCX","website repo","delivery","mixed","duplicate","/Users/lay/Documents/New project/outputs/yhl_geo_portfolio_delivery/strategy/元亨利红木家具GEO品牌内容优化方案_14页.docx","download links","2026-07-17T15:44:28+0800","09003be280ec4802657d98ed3b81a9d72541b25d269c024b957ca7f15ac34b52","no","no","yes","yes","medium","Publish only from confirmed strategy delivery source; record source version and hash","Delivery artifact; not canonical for current 90-day execution data."
"PUBLIC-PROMPT-MD-001","Download enterprise prompt system Markdown","E. 策略与交付物","/Users/lay/Documents/New project/outputs/yhl_geo_portfolio_delivery/website/public/downloads/yhl-geo-enterprise-prompt-system.md","Markdown","website repo","canonical","mixed","canonical","Likely generated from knowledge base JSON and prompt-system page copy","download links and /prompt-system","2026-07-17T16:35:36+0800","37b965072cdf133df04dc2e00336eeb057f4aa1b9da74f6a2755e54c94179b6c","no","no","yes","yes","medium","Use as Markdown canonical for the prompt system; sync TSX presentation after approved edits","Current prompt-system Markdown source; do not overwrite from TSX or built HTML."
"PUBLIC-ARTICLE-MATRIX-MD-001","Download GEO article matrix Markdown","E. 策略与交付物","/Users/lay/Documents/New project/outputs/yhl_geo_portfolio_delivery/website/public/downloads/yhl-geo-article-matrix.md","Markdown","website repo","canonical","mixed","canonical","Likely generated from knowledge base JSON and article planning","download links and /geo-articles","2026-07-17T22:26:24+0800","030b731e5df180c6f14c7a361153cd8452775bcaa6e1cd21c390d71f64fdcb20","no","no","yes","yes","medium","Use as Markdown canonical for the GEO article matrix; sync TSX presentation after approved edits","Current article matrix Markdown source; do not overwrite from TSX or built HTML."
"PUBLIC-ARTICLE-SAMPLES-MD-001","Download full GEO article samples Markdown","E. 策略与交付物","/Users/lay/Documents/New project/outputs/yhl_geo_portfolio_delivery/website/public/downloads/yhl-geo-full-article-samples.md","Markdown","website repo","canonical","mixed","canonical","Likely mirrored from app/geo-articles/page.tsx article content","download links and /geo-articles","2026-07-17T22:51:26+0800","2b22f26ff966f0f0cb8275b8d6d6240df47d6a722eb73913433af624ad08c46e","no","no","yes","yes","medium","Use as Markdown canonical for full GEO article samples; sync TSX presentation after approved edits","Current full article samples Markdown source; do not overwrite from TSX or built HTML."
"REDWOOD-QBANK-CSV-001","Redwood 30-question bank CSV","A. 原始测试数据","/Users/lay/Documents/New project/redwood_geo/data/redwood_question_bank_30.csv","CSV","external redwood_geo/data","canonical","source","canonical","manual question design","delivery data workbook CategoryMap/Baseline150","2026-07-13T12:17:54+0800","ab0661732fffc3e0aa25adabadf5d3b9c58f00baa1c5bf045f5190ebcc596936","no","no","yes","no","medium","Keep as locked question-bank canonical; compare with CategoryMap before future updates","2026-07-19 reconciliation: 30 IDs and question texts match CategoryMap exactly; category labels differ by grouping granularity."
"REDWOOD-QBANK-MD-001","Redwood 30-question bank Markdown","A. 原始测试数据","/Users/lay/Documents/New project/redwood_geo/data/redwood_question_bank_30.md","Markdown","external redwood_geo/data","derived","source","duplicate","Same conceptual question bank as CSV","human-readable question review","2026-07-13T12:17:54+0800","7190a705d7f4a64cf5c762ca26cf01d6ee0672191eee648b226a906ca9809b9a","no","no","yes","no","low","Keep as readable duplicate generated from or reviewed against the CSV canonical","Human-readable duplicate of the canonical question bank; not the source of record."
"REDWOOD-FULL150-CSV-001","Round2 domestic5 full150 CSV","A. 原始测试数据","/Users/lay/Documents/New project/redwood_geo/data/redwood_round2_domestic5_full150.csv","CSV","external redwood_geo/data","archive","mixed","outdated","Question bank expanded by 5 platforms","possibly older workbook import","2026-07-13T12:17:54+0800","eeb960e45c49220a9ed858ee30cb4330f975d56ece98ede3d351dc7d2c567da1","partial","partial","yes","no","high","Retain for historical audit only; do not use in current metrics, website display or GEO Skill input","Early test or batch artifact superseded by the delivery workbook and confirmed question bank."
"REDWOOD-OLD10-CSV-001","Batch1 old10 domestic5 CSV","A. 原始测试数据","/Users/lay/Documents/New project/redwood_geo/data/redwood_round2_batch1_old10_domestic5.csv","CSV","external redwood_geo/data","archive","mixed","outdated","Question bank first 10 questions across 5 platforms","batch1 summaries","2026-07-13T12:17:54+0800","0af5bb4efe28a634ae2beafc6751ca649aaf7d125cd68e5cce76b750db8b22be","partial","partial","yes","no","high","Retain for historical audit only; do not use in current metrics, website display or GEO Skill input","Early test or batch artifact superseded by the delivery workbook and confirmed question bank."
"REDWOOD-OLD10-XLSX-001","Batch1 old10 domestic5 workbook","A. 原始测试数据","/Users/lay/Documents/New project/redwood_geo/data/redwood_round2_batch1_old10_domestic5.xlsx","XLSX","external redwood_geo/data","archive","mixed","outdated","CSV or early workbook build","batch1 review","2026-07-13T12:17:54+0800","eafeb4622c9f02e465545a4089d36d274619c7fe8082a2f08ff8ad681cc7dc35","unknown","unknown","yes","no","medium","Retain for historical audit only; do not use in current metrics, website display or GEO Skill input","Early test or batch artifact superseded by the delivery workbook and confirmed question bank."
"REDWOOD-BATCH1-PLATFORM-001","Batch1 platform summary CSV","C. 派生统计数据","/Users/lay/Documents/New project/redwood_geo/data/batch1_platform_summary.csv","CSV","external redwood_geo/data","archive","derived","outdated","batch1 old10 scored rows","early charts and review","2026-07-13T15:08:39+0800","b9ff928f0327b176dfe5561112faef490fc1083e4de2b7dd2096c25fbb96ae04","no","yes","yes","no","medium","Retain for historical audit only; do not use in current metrics, website display or GEO Skill input","Early test or batch artifact superseded by the delivery workbook and confirmed question bank."
"REDWOOD-BATCH1-QUESTION-001","Batch1 question summary CSV","C. 派生统计数据","/Users/lay/Documents/New project/redwood_geo/data/batch1_question_summary.csv","CSV","external redwood_geo/data","archive","derived","outdated","batch1 old10 scored rows","early charts and review","2026-07-13T15:08:39+0800","d8b287c455b3ba564f97112ad13066ef6e623a1cb0fe1d0d15a92b005a6b759d","no","yes","yes","no","medium","Retain for historical audit only; do not use in current metrics, website display or GEO Skill input","Early test or batch artifact superseded by the delivery workbook and confirmed question bank."
"REDWOOD-BATCH1-GAP-001","Batch1 gap and risk summary CSV","B. 人工评价数据","/Users/lay/Documents/New project/redwood_geo/data/batch1_gap_risk_summary.csv","CSV","external redwood_geo/data","archive","mixed","outdated","batch1 manual tags","early risk analysis","2026-07-13T15:08:39+0800","a8bf1562d5f7450e204b81aae9dc815ad6c84273ff3336a4b1325886fc03f872","no","yes","yes","no","medium","Retain for historical audit only; do not use in current metrics, website display or GEO Skill input","Early test or batch artifact superseded by the delivery workbook and confirmed question bank."
"REDWOOD-BATCH1-EXAMPLES-001","Batch1 typical high-risk examples CSV","B. 人工评价数据","/Users/lay/Documents/New project/redwood_geo/data/batch1_typical_high_risk_examples.csv","CSV","external redwood_geo/data","archive","manual","outdated","batch1 scored rows and reviewer notes","diagnosis evidence candidates","2026-07-13T15:08:39+0800","957b8d3c50d53039899013cf8cdafa16412d73ac8e3e7abbc574a861e8983a2f","no","yes","yes","no","medium","Retain for historical audit only; do not use in current metrics, website display or GEO Skill input","Early test or batch artifact superseded by the delivery workbook and confirmed question bank."
"REDWOOD-225-PLATFORM-001","GEO 225 scored platform summary CSV","C. 派生统计数据","/Users/lay/Documents/New project/redwood_geo/data/geo_225_scored_platform_summary.csv","CSV","external redwood_geo/data","derived","derived","derived","Baseline150 and UserIntent75 scored rows","platform score summaries","2026-07-13T20:49:23+0800","3d76808b22fb5b30b4104ffe471858ac26b5577c81cc77ac22dd6f237c634fcd","no","yes","yes","no","medium","Use only as downstream rounded summary; recalculate precise metrics from the delivery workbook","Platform summary file is derived and cannot replace the canonical delivery workbook."
"DELIVERY-DATA-XLSX-001","Delivery data and analysis frozen workbook","A. 原始测试数据","/Users/lay/Documents/New project/outputs/yhl_geo_portfolio_delivery/元亨利GEO_投递版数据与分析.xlsx","XLSX","external discovered delivery root","canonical","mixed","canonical","Frozen AI answers plus manual scoring and formulas","reports, website metrics, strategy KPI, interview materials","2026-07-16T17:24:04+0800","6b5fbf08da0b26d04b2e2d5fd2c602520975bdded940937fee0c8e943420a9f7","yes","yes","yes","no","high","Lock as canonical for raw answers, manual scores and core metrics; do not modify in this stage","Actual file name and path verified on 2026-07-19; app/data.ts is only website-copy."
"DELIVERY-DATA-INSPECT-001","Delivery workbook inspection NDJSON","C. 派生统计数据","/Users/lay/Documents/New project/outputs/yhl_geo_portfolio_delivery/元亨利GEO_投递版数据与分析.xlsx.inspect.ndjson","NDJSON","external discovered delivery root","archive","derived","duplicate","Delivery data workbook render/inspect tool","audit and validation","2026-07-16T17:24:04+0800","f8a2326e96fa221bceeff007b21c04a1d4c563cef2adff280c850683afd497a1","yes","yes","yes","no","medium","Regenerate after workbook changes; do not edit manually or use as source","Inspection or preview artifact derived from the canonical delivery workbook."
"DELIVERY-DATA-PREVIEW-001","Delivery workbook preview inspection","C. 派生统计数据","/Users/lay/Documents/New project/outputs/yhl_geo_portfolio_delivery/workbook_previews/workbook_inspect.ndjson","NDJSON","external discovered delivery root","archive","derived","duplicate","Delivery data workbook inspection","audit and workbook structure review","2026-07-16T17:24:09+0800","f0d6128a9aea50a95441949a86da28e0e0d3dba7b17cb798a8285537640d894f","partial","partial","yes","no","low","Regenerate after workbook changes; do not edit manually or use as source","Inspection or preview artifact derived from the canonical delivery workbook."
"DELIVERY-README-001","Delivery package instructions","E. 策略与交付物","/Users/lay/Documents/New project/outputs/yhl_geo_portfolio_delivery/投递使用说明.md","Markdown","external discovered delivery root","delivery","mixed","duplicate","Delivery workbook, website and strategy package","manual delivery workflow","2026-07-17T14:09:32+0800","010d7cf447f7b8e7397cec932824d068d64ce963e54e25124191665f4e166d57","no","no","yes","no","medium","Keep downstream of canonical workbooks; verify metrics and claims before reuse","Delivery narrative copy; not canonical for raw answers, scores or metrics."
"DELIVERY-RESUME-001","Resume project description","E. 策略与交付物","/Users/lay/Documents/New project/outputs/yhl_geo_portfolio_delivery/简历项目经历.md","Markdown","external discovered delivery root","delivery","manual","duplicate","Reports and delivery package","resume material","2026-07-17T14:09:33+0800","9f522cb98fca153d2293f07e4ff16703c90770bc19ea830d49edb44eeb48db98","no","no","yes","no","medium","Keep downstream of canonical workbooks; verify metrics and claims before reuse","Delivery narrative copy; not canonical for raw answers, scores or metrics."
"DELIVERY-INTERVIEW-001","Five-minute interview script","E. 策略与交付物","/Users/lay/Documents/New project/outputs/yhl_geo_portfolio_delivery/5分钟面试讲稿.md","Markdown","external discovered delivery root","delivery","manual","duplicate","Delivery workbook and reports","interview prep","2026-07-17T14:09:33+0800","8b0a4dfe4d4d6b53047143cedfaaac92326f68255b039a34e5f783b73d1207e5","no","no","yes","no","medium","Keep downstream of canonical workbooks; verify metrics and claims before reuse","Delivery narrative copy; not canonical for raw answers, scores or metrics."
"KB-XLSX-001","Brand fact knowledge base workbook","D. 品牌事实与知识库","/Users/lay/Documents/New project/outputs/yhl_geo_portfolio_delivery/knowledge_base/元亨利GEO品牌事实知识库.xlsx","XLSX","external requested knowledge_base","canonical","mixed","canonical","Source library and manual fact curation","public JSON, website knowledge base, prompt system, article samples","2026-07-17T15:47:53+0800","7924fb2cbd5c9424c020b71242cb3dafb9e5b3b262e23e08992621b7840953a5","no","no","yes","no","high","Lock as canonical for brand facts, source records and FAQ mappings; do not modify in this stage","Brand facts, sources and FAQ governance source of record."
"KB-INSPECT-001","Brand fact knowledge base inspection NDJSON","D. 品牌事实与知识库","/Users/lay/Documents/New project/outputs/yhl_geo_portfolio_delivery/knowledge_base/元亨利GEO品牌事实知识库.xlsx.inspect.ndjson","NDJSON","external requested knowledge_base","archive","derived","duplicate","Knowledge base workbook inspection","audit snapshots","2026-07-17T15:47:53+0800","4d6998d4a161c323da1d558a15b4806b7e8516f58466ec42b49121d7f5633cf6","no","no","yes","no","low","Regenerate after knowledge base workbook changes; do not edit manually or use as source","Inspection, structure or QA artifact derived from the knowledge base workbook."
"KB-PUBLIC-JSON-001","External knowledge base public snapshot JSON","D. 品牌事实与知识库","/Users/lay/Documents/New project/outputs/yhl_geo_portfolio_delivery/knowledge_base/元亨利GEO企业知识库_公开快照.json","JSON","external requested knowledge_base","derived","derived","duplicate","KB-XLSX-001 public export","website JSON copies, prompt system, article samples","2026-07-17T15:47:53+0800","7f29e60ab99e341545b0cb5985f7c5ac71de47d81c2fa7ecb3eb3a641b215cea","no","no","yes","no","medium","Regenerate from the brand fact knowledge base workbook; do not mark any JSON copy canonical","External public JSON snapshot is derived; four JSON copies are currently identical but non-canonical."
"KB-WB-STRUCTURE-001","Knowledge base workbook structure NDJSON","D. 品牌事实与知识库","/Users/lay/Documents/New project/outputs/yhl_geo_portfolio_delivery/knowledge_base/previews/workbook_structure.ndjson","NDJSON","external requested knowledge_base","archive","derived","duplicate","Knowledge base workbook render preview","audit snapshots","2026-07-17T15:47:51+0800","f12500bce804656c40ee4f5da39df5350619a2648bf9f6a31210514444ecf902","no","no","yes","no","low","Regenerate after knowledge base workbook changes; do not edit manually or use as source","Inspection, structure or QA artifact derived from the knowledge base workbook."
"KB-FORMULA-ERRORS-001","Knowledge base formula error scan","D. 品牌事实与知识库","/Users/lay/Documents/New project/outputs/yhl_geo_portfolio_delivery/knowledge_base/previews/formula_errors.ndjson","NDJSON","external requested knowledge_base","archive","derived","duplicate","Knowledge base workbook validation","QA only","2026-07-17T15:47:53+0800","acc0111e19cf44d2753fc9ecd164bf1b27fbd65597463a25cf48bd1c65e90146","no","no","no","no","low","Regenerate after knowledge base workbook changes; do not edit manually or use as source","Inspection, structure or QA artifact derived from the knowledge base workbook."
"STRATEGY-XLSX-001","90-day content execution workbook","E. 策略与交付物","/Users/lay/Documents/New project/outputs/yhl_geo_portfolio_delivery/strategy/元亨利红木家具GEO_90天内容执行工作簿.xlsx","XLSX","external requested strategy","canonical","mixed","canonical","Delivery workbook metrics; knowledge base facts; manual strategy planning","website strategy page, public download, KPI references","2026-07-17T15:37:32+0800","1fa3a1550678be10c1e7105e69ea7fa53526fc79375369f8f5191f5da30b10bb","no","no","yes","no","medium","Lock as canonical for the 90-day content execution plan; do not modify in this stage","Website strategy copy and downloads must be synced from this workbook."
"STRATEGY-INSPECT-001","90-day workbook inspection NDJSON","E. 策略与交付物","/Users/lay/Documents/New project/outputs/yhl_geo_portfolio_delivery/strategy/元亨利红木家具GEO_90天内容执行工作簿.xlsx.inspect.ndjson","NDJSON","external requested strategy","archive","derived","duplicate","Strategy workbook inspection","audit snapshots","2026-07-17T15:37:32+0800","97a25f6d5382de7ae6f440d58c77f1104fc9144990ed19a46a278463b40c0076","no","no","yes","no","low","Regenerate after strategy workbook changes; do not edit manually or use as source","Inspection, structure or QA artifact derived from the strategy workbook."
"STRATEGY-WB-STRUCTURE-001","90-day workbook structure NDJSON","E. 策略与交付物","/Users/lay/Documents/New project/outputs/yhl_geo_portfolio_delivery/strategy/workbook_previews/workbook_structure.ndjson","NDJSON","external requested strategy","archive","derived","duplicate","Strategy workbook preview","audit snapshots","2026-07-17T15:37:30+0800","f39f63bfab2cb1f2d56fdebac171f73b44c5e54816fe4a3eb6a92365d339d289","no","no","yes","no","low","Regenerate after strategy workbook changes; do not edit manually or use as source","Inspection, structure or QA artifact derived from the strategy workbook."
"STRATEGY-FORMULA-ERRORS-001","90-day workbook formula error scan","E. 策略与交付物","/Users/lay/Documents/New project/outputs/yhl_geo_portfolio_delivery/strategy/workbook_previews/formula_errors.ndjson","NDJSON","external requested strategy","archive","derived","duplicate","Strategy workbook validation","QA only","2026-07-17T15:37:32+0800","acc0111e19cf44d2753fc9ecd164bf1b27fbd65597463a25cf48bd1c65e90146","no","no","no","no","low","Regenerate after strategy workbook changes; do not edit manually or use as source","Inspection, structure or QA artifact derived from the strategy workbook."
"STRATEGY-PDF-001","Rendered 14-page strategy PDF","E. 策略与交付物","/Users/lay/Documents/New project/outputs/yhl_geo_portfolio_delivery/strategy/rendered_strategy/元亨利红木家具GEO品牌内容优化方案_14页.pdf","PDF","external requested strategy","delivery","derived","duplicate","STRATEGY-DOCX-001 or PDF rendering process","public download","2026-07-17T15:39:03+0800","f52cfa9b65c2decd09343c215900f21ab9534ef52f643d25450a2876d145e0d5","no","no","yes","no","medium","Treat as rendered delivery artifact; regenerate from confirmed strategy source when updated","PDF is delivery or derived, not canonical."
"STRATEGY-DOCX-001","Editable 14-page strategy DOCX","E. 策略与交付物","/Users/lay/Documents/New project/outputs/yhl_geo_portfolio_delivery/strategy/元亨利红木家具GEO品牌内容优化方案_14页.docx","DOCX","external requested strategy","delivery","mixed","duplicate","Delivery workbook metrics, knowledge base and manual strategy narrative","strategy PDF and public DOCX download","2026-07-17T15:38:50+0800","09003be280ec4802657d98ed3b81a9d72541b25d269c024b957ca7f15ac34b52","no","no","yes","no","medium","Treat as editable delivery narrative unless separately confirmed; do not replace the 90-day workbook canonical","Not canonical for the current 90-day execution plan."
"REPORT-FULL-001","Comprehensive diagnostic report portfolio edition","E. 策略与交付物","/Users/lay/Documents/New project/outputs/yhl_geo_portfolio_delivery/reports/元亨利GEO_全面诊断报告_作品集版.md","Markdown","external requested reports","delivery","mixed","duplicate","Delivery data workbook and manual interpretation","website narrative and delivery review","2026-07-18T14:55:10+0800","4ba7d541697b8e1ac479688b34b396883cc28582332826655dd51b1076d1f08c","no","yes","yes","no","medium","Keep downstream of the delivery workbook; cite workbook for metrics and scoring","Report narrative is delivery copy and cannot override canonical workbook data."
"REPORT-SUMMARY-001","Summary conclusions and methodology report","E. 策略与交付物","/Users/lay/Documents/New project/outputs/yhl_geo_portfolio_delivery/reports/元亨利GEO_摘要结论与方法论.md","Markdown","external requested reports","delivery","mixed","duplicate","Delivery data workbook and manual interpretation","method page and delivery review","2026-07-18T14:55:10+0800","21de726400e037f6ab4683a2c5badf6b2514838712f4e873b26a55e81344c9b6","no","yes","yes","no","medium","Keep downstream of the delivery workbook; cite workbook for metrics and scoring","Report narrative is delivery copy and cannot override canonical workbook data."
"FINAL-SOURCE-XLSX-001","Older public source library workbook","D. 品牌事实与知识库","/Users/lay/Documents/New project/outputs/yhl_geo_portfolio_final/yhl_public_source_library_feishu.xlsx","XLSX","external requested final","archive","mixed","outdated","First public source library","knowledge base migration candidate","2026-07-16T14:27:05+0800","1bd7e595d23462263bba86e7a0164e50666bf044c21fe298665de5ed16f17684","no","no","yes","no","medium","Archive only; migrate into current delivery system only after explicit human confirmation","Older final-version artifact; not a current source of record."
"FINAL-SOURCE-CSV-001","Older public source library CSV","D. 品牌事实与知识库","/Users/lay/Documents/New project/outputs/yhl_geo_portfolio_final/yhl_public_source_library_feishu.csv","CSV","external requested final","archive","mixed","outdated","FINAL-SOURCE-XLSX-001","older source review","2026-07-15T17:47:04+0800","71f3fb2b6a4cb3062444560edfd1dfe6afea82a780621e774b9948edfe880d32","no","no","yes","no","medium","Archive only; migrate into current delivery system only after explicit human confirmation","Older final-version artifact; not a current source of record."
"FINAL-SOURCE-NOTES-001","Older source library notes","D. 品牌事实与知识库","/Users/lay/Documents/New project/outputs/yhl_geo_portfolio_final/source_library_notes.md","Markdown","external requested final","archive","manual","outdated","Older source library review","source governance reference","2026-07-15T17:47:04+0800","23664b2ffc894731ae32c81f6ec40af3c432e0468281347caa88b3a64125d7f4","no","no","yes","no","medium","Archive only; migrate into current delivery system only after explicit human confirmation","Older final-version artifact; not a current source of record."
"FINAL-RETEST-001","Retest 10 core template CSV","A. 原始测试数据","/Users/lay/Documents/New project/outputs/yhl_geo_portfolio_final/retest_10_core_template.csv","CSV","external requested final","archive","source","outdated","Manual retest plan","future monitoring","2026-07-15T16:47:43+0800","cd1a753ca34cf5392a2922919c402790823686c4670619c1e56d944e9b6d2f65","no","no","yes","no","low","Archive only; migrate into current delivery system only after explicit human confirmation","Older final-version artifact; not a current source of record."
"FINAL-PROJECT-BRIEF-001","Final project brief","E. 策略与交付物","/Users/lay/Documents/New project/outputs/yhl_geo_portfolio_final/project_brief.md","Markdown","external requested final","archive","manual","outdated","Manual project framing","portfolio delivery","2026-07-15T17:21:15+0800","fd915632defd777e13d3ba06d38fe6867e4c38650052ee2cba1df2539dc3480d","no","no","yes","no","medium","Archive only; migrate into current delivery system only after explicit human confirmation","Older final-version artifact; not a current source of record."
"FINAL-CONTENT-ASSETS-001","Final content assets","E. 策略与交付物","/Users/lay/Documents/New project/outputs/yhl_geo_portfolio_final/content_assets.md","Markdown","external requested final","archive","manual","outdated","Manual content planning","portfolio delivery","2026-07-15T16:47:43+0800","4009ff31df2744b41b8a16124ba5705e0992b4c106f9c8888a9e7fe8fc04ac0f","no","no","yes","no","medium","Archive only; migrate into current delivery system only after explicit human confirmation","Older final-version artifact; not a current source of record."
"FINAL-OVERVIEW-001","Final project overview","E. 策略与交付物","/Users/lay/Documents/New project/outputs/yhl_geo_portfolio_final/project_overview.md","Markdown","external requested final","archive","manual","outdated","Manual overview","portfolio delivery","2026-07-15T16:47:42+0800","cfd3550cc14de0419bc4d6b56636547b90577e58336ec300e8f741bbbab9738d","no","no","yes","no","medium","Archive only; migrate into current delivery system only after explicit human confirmation","Older final-version artifact; not a current source of record."
"FINAL-COVERAGE-001","Content coverage validation","C. 派生统计数据","/Users/lay/Documents/New project/outputs/yhl_geo_portfolio_final/content_coverage_validation.md","Markdown","external requested final","archive","derived","outdated","Older content asset plan","coverage review","2026-07-15T16:47:43+0800","e405d0436ef977bc742816974f5da2c23b8899b847302e0659859bd568dca1e0","no","no","yes","no","medium","Archive only; migrate into current delivery system only after explicit human confirmation","Older final-version artifact; not a current source of record."
"FINAL-PORTFOLIO-CASE-001","Portfolio case 8-page text","E. 策略与交付物","/Users/lay/Documents/New project/outputs/yhl_geo_portfolio_final/portfolio_case_8page.md","Markdown","external requested final","archive","manual","outdated","Older reports and project brief","portfolio narrative","2026-07-15T16:47:43+0800","c26c9c568fdcf2cdc028f57acbbaa42f907284e355b431f6e99c19df6fd5b8a6","no","no","yes","no","medium","Archive only; migrate into current delivery system only after explicit human confirmation","Older final-version artifact; not a current source of record."
"FINAL-INTERVIEW-001","Final interview script","E. 策略与交付物","/Users/lay/Documents/New project/outputs/yhl_geo_portfolio_final/interview_script_5min.md","Markdown","external requested final","archive","manual","outdated","Older reports and project brief","interview prep","2026-07-15T16:47:43+0800","ea1753473952637f3f2e0a962d345510f1e9a445430dc519a0d05ca8bb0df63b","no","no","yes","no","medium","Archive only; migrate into current delivery system only after explicit human confirmation","Older final-version artifact; not a current source of record."
"FINAL-STATIC-HTML-001","Older final static index","F. 网站展示副本","/Users/lay/Documents/New project/outputs/yhl_geo_portfolio_final/index.html","HTML","external requested final","archive","mixed","outdated","Older static site generation","portfolio archive","2026-07-15T17:48:24+0800","8a4406737c744e02cbb9a31e11852a8d85ddc4e6d9e3ae7a7e751878e430d291","no","no","yes","no","medium","Archive only; migrate into current delivery system only after explicit human confirmation","Older final-version artifact; not a current source of record."
"FINAL-README-001","Older final README","E. 策略与交付物","/Users/lay/Documents/New project/outputs/yhl_geo_portfolio_final/README.md","Markdown","external requested final","archive","manual","outdated","Older final package","portfolio archive","2026-07-15T17:48:24+0800","6e8a2e7371e1a50aa206a288e89ec3e7121461b6c3a0cd8e526dd900a518becb","no","no","yes","no","low","Archive only; migrate into current delivery system only after explicit human confirmation","Older final-version artifact; not a current source of record."
"FIRST-BREADCRUMB-INPUT-001","First setup breadcrumb input JSON","D. 品牌事实与知识库","/Users/lay/Documents/New project/outputs/yhl_geo_first_setup_20260718/breadcrumb_input.json","JSON","external requested first_setup","archive","manual","outdated","Manual schema setup input","schema generation","2026-07-18T17:57:16+0800","c2f1a1b679040f59a53a6528611cd5e6b2b0120d7e6a04544d26c4ba21e74c53","no","no","yes","no","medium","Archive only; do not use for current question bank, brand facts, metrics, website display or GEO Skill input","first_setup artifact unified as archive by 0.3B governance decision."
"FIRST-FAQ-PAIRS-001","First setup FAQ pairs JSON","D. 品牌事实与知识库","/Users/lay/Documents/New project/outputs/yhl_geo_first_setup_20260718/faq_pairs.json","JSON","external requested first_setup","archive","manual","outdated","Manual FAQ schema input","FAQ schema generation","2026-07-18T17:57:16+0800","2d3b64a4c83907aac43f421b6ebf866a11d88ea413e39de2dc6c38533d815c43","no","no","yes","no","high","Archive only; do not use for current question bank, brand facts, metrics, website display or GEO Skill input","first_setup artifact unified as archive by 0.3B governance decision."
"FIRST-SCHEMA-JSON-GROUP-001","First setup JSON schema outputs","F. 网站展示副本","/Users/lay/Documents/New project/outputs/yhl_geo_first_setup_20260718","JSON group","external requested first_setup","archive","derived","outdated","first_setup JSON inputs","schema examples and setup archive","2026-07-18T17:57:26+0800","grouped-json-schema-files","no","no","yes","no","medium","Archive only; do not use for current question bank, brand facts, metrics, website display or GEO Skill input","first_setup artifact unified as archive by 0.3B governance decision."
"FIRST-SCHEMA-HTML-GROUP-001","First setup HTML schema outputs","F. 网站展示副本","/Users/lay/Documents/New project/outputs/yhl_geo_first_setup_20260718","HTML group","external requested first_setup","archive","derived","outdated","first_setup JSON inputs","schema examples and setup archive","2026-07-18T18:00:17+0800","grouped-html-schema-files","no","no","yes","no","medium","Archive only; do not use for current question bank, brand facts, metrics, website display or GEO Skill input","first_setup artifact unified as archive by 0.3B governance decision."
"FIRST-VISIBILITY-TEMPLATE-001","First setup visibility baseline template CSV","A. 原始测试数据","/Users/lay/Documents/New project/outputs/yhl_geo_first_setup_20260718/visibility_baseline_template.csv","CSV","external requested first_setup","archive","source","outdated","Future visibility/retest template","future monitoring","2026-07-18T17:58:16+0800","cd1a753ca34cf5392a2922919c402790823686c4670619c1e56d944e9b6d2f65","no","no","yes","no","low","Archive only; do not use for current question bank, brand facts, metrics, website display or GEO Skill input","first_setup artifact unified as archive by 0.3B governance decision."
"FIRST-ORG-INPUT-001","First setup organization input JSON","D. 品牌事实与知识库","/Users/lay/Documents/New project/outputs/yhl_geo_first_setup_20260718/organization_input.json","JSON","external requested first_setup","archive","manual","outdated","Manual organization schema input","schema generation","2026-07-18T17:57:16+0800","4b05767a4963f7dc782b99815735e1e65d640441f123f39e7661f23bdcd611fd","no","no","yes","no","high","Archive only; do not use for current question bank, brand facts, metrics, website display or GEO Skill input","first_setup artifact unified as archive by 0.3B governance decision."
"FIRST-CITATION-INPUT-001","First setup citation input JSON","D. 品牌事实与知识库","/Users/lay/Documents/New project/outputs/yhl_geo_first_setup_20260718/citation_input.json","JSON","external requested first_setup","archive","manual","outdated","Manual citation schema input","schema generation","2026-07-18T17:57:16+0800","8dbe16a9f08c5211e74c4b0599eaebbae7a0fcf70fc7afe47e3bc46b49a3f2e2","no","no","yes","no","medium","Archive only; do not use for current question bank, brand facts, metrics, website display or GEO Skill input","first_setup artifact unified as archive by 0.3B governance decision."
"FIRST-CLUSTER-SITEMAP-001","First setup cluster sitemap JSON","F. 网站展示副本","/Users/lay/Documents/New project/outputs/yhl_geo_first_setup_20260718/cluster_sitemap.json","JSON","external requested first_setup","archive","derived","outdated","pillar cluster plan","schema/setup archive","2026-07-18T17:59:06+0800","1dbb73984fd7a9132b43ce1b7608d58f2b44e37041a7f8418fb2fcc9e6ea69c9","no","no","yes","no","medium","Archive only; do not use for current question bank, brand facts, metrics, website display or GEO Skill input","first_setup artifact unified as archive by 0.3B governance decision."
"FIRST-READABILITY-001","First setup readability report","C. 派生统计数据","/Users/lay/Documents/New project/outputs/yhl_geo_first_setup_20260718/readability_report.md","Markdown","external requested first_setup","archive","derived","outdated","first_setup content drafts","setup QA archive","2026-07-18T18:01:18+0800","3e5022576283e419260aa01cb8e389ce0baea138a2d1225b59eb0b715c000c2e","no","no","yes","no","low","Archive only; do not use for current question bank, brand facts, metrics, website display or GEO Skill input","first_setup artifact unified as archive by 0.3B governance decision."
"FIRST-PILLAR-PLAN-001","First setup pillar cluster plan","E. 策略与交付物","/Users/lay/Documents/New project/outputs/yhl_geo_first_setup_20260718/pillar_cluster_plan.md","Markdown","external requested first_setup","archive","manual","outdated","Manual setup plan","older content strategy","2026-07-18T17:59:06+0800","9d3e8ae3d1362222561ed0c8155607fa2540373342cefff6d7ada8d5d433903e","no","no","yes","no","medium","Archive only; do not use for current question bank, brand facts, metrics, website display or GEO Skill input","first_setup artifact unified as archive by 0.3B governance decision."
"FIRST-MANUAL-VISIBILITY-001","First setup manual visibility baseline","A. 原始测试数据","/Users/lay/Documents/New project/outputs/yhl_geo_first_setup_20260718/manual_visibility_baseline.md","Markdown","external requested first_setup","archive","manual","outdated","manual baseline notes","future monitoring","2026-07-18T17:59:06+0800","4d08c759cd95edf4bc99ab70415f3e6e74dc9bdbee5395e74e987bcf53a8d6f9","partial","partial","yes","no","medium","Archive only; do not use for current question bank, brand facts, metrics, website display or GEO Skill input","first_setup artifact unified as archive by 0.3B governance decision."
"FIRST-README-001","First setup README","E. 策略与交付物","/Users/lay/Documents/New project/outputs/yhl_geo_first_setup_20260718/README.md","Markdown","external requested first_setup","archive","mixed","outdated","first_setup outputs","setup archive","2026-07-18T18:01:18+0800","1c7e5c4337a0337ce864a90cff5c47b629256b68c20472aef9e052c2042c23fa","no","no","yes","no","medium","Archive only; do not use for current question bank, brand facts, metrics, website display or GEO Skill input","first_setup artifact unified as archive by 0.3B governance decision."
"FIRST-PILLAR-SEED-001","First setup pillar page seed content","E. 策略与交付物","/Users/lay/Documents/New project/outputs/yhl_geo_first_setup_20260718/pillar_page_seed_content.md","Markdown","external requested first_setup","archive","manual","outdated","first_setup content plan","older content drafts","2026-07-18T18:00:00+0800","0fe269017c4c8ce546590b26810f8cb33ff5728ef2978605bec3312758cbb1a7","no","no","yes","no","medium","Archive only; do not use for current question bank, brand facts, metrics, website display or GEO Skill input","first_setup artifact unified as archive by 0.3B governance decision."
